<step title="Incoming Request" date="2026-02-16T00:22:45.025" instance="582035" url="/api/zipdeploy?isAsync=true" method="POST" type="request" pid="833,1,5" Accept="*/*" Host="campaignmanager-api-2413.scm.azurewebsites.net" User-Agent="AZURECLI/2.53.0 (MSI)" Accept-Encoding="gzip, deflate" Authorization="Bas..." Cache-Control="no-cache" Content-Type="application/octet-stream" Content-Length="5259482" x-ms-client-request-id="982bea3d-0acd-11f1-abf8-bcf171acf0a2" X-ARR-LOG-ID="982bea3d-0acd-11f1-abf8-bcf171acf0a2" CLIENT-IP="8.26.71.170:36735" X-SITE-DEPLOYMENT-ID="campaignmanager-api-2413" WAS-DEFAULT-HOSTNAME="campaignmanager-api-2413.scm.azurewebsites.net" X-Forwarded-Proto="https" X-AppService-Proto="https" X-Forwarded-TlsVersion="1.3" X-WAWS-Unencoded-URL="/api/zipdeploy?isAsync=true" X-Client-IP="8.26.71.170" X-Client-Port="36735" >
  <step title="Cleanup Xml Logs" date="2026-02-16T00:22:45.036" /><!-- duration: 69ms -->
  <step title="ZipPushDeploy" date="2026-02-16T00:22:45.641" >
    <step title="ZipDeploy. Extract zip." date="2026-02-16T00:22:45.800" /><!-- duration: 11ms -->
    <step title="None repository commit" date="2026-02-16T00:22:45.877" >
      <step title="Commit id: 36f659c8-172a-41cd-982c-7d78b254847f" date="2026-02-16T00:22:45.906" Message="N/A" AuthorName="N/A" AuthorEmail="N/A" /><!-- duration: 12ms -->
    </step><!-- duration: 71ms -->
    <step title="Starting PushDeployAsync" date="2026-02-16T00:22:45.979" /><!-- duration: 18ms -->
    <step title="Writing artifact to /tmp/zipdeploy/39f91dd5-4824-42cf-9c0a-80fab2565077.zip" date="2026-02-16T00:22:46.176" >
      <step title="Writing multipart request body to /tmp/zipdeploy/39f91dd5-4824-42cf-9c0a-80fab2565077.zip" date="2026-02-16T00:22:46.208" /><!-- duration: 59ms -->
    </step><!-- duration: 1076ms -->
    <step title="Start deployment in the background" date="2026-02-16T00:22:47.322" >
      <step title="Acquiring Deployment Lock" date="2026-02-16T00:22:47.400" /><!-- duration: 30ms -->
      <step title="Acquired Deployment Lock" date="2026-02-16T00:22:47.479" /><!-- duration: 6ms -->
    </step><!-- duration: 333ms -->
  </step><!-- duration: 2028ms -->
  <step title="Outgoing response" date="2026-02-16T00:22:47.690" type="response" statusCode="202" statusText="Accepted" /><!-- duration: 7ms -->
</step><!-- duration: 2679ms -->
