<step title="Incoming Request" date="2026-02-16T01:01:32.170" instance="582035" url="/api/zipdeploy?isAsync=true" method="POST" type="request" pid="838,1,15" Accept="*/*" Host="campaignmanager-api-2413.scm.azurewebsites.net" User-Agent="AZURECLI/2.53.0 (MSI)" Accept-Encoding="gzip, deflate" Authorization="Bas..." Cache-Control="no-cache" Content-Type="application/octet-stream" Content-Length="5318945" x-ms-client-request-id="020a1015-0ad3-11f1-8581-bcf171acf0a2" X-ARR-LOG-ID="020a1015-0ad3-11f1-8581-bcf171acf0a2" CLIENT-IP="8.26.71.170:39438" X-SITE-DEPLOYMENT-ID="campaignmanager-api-2413" WAS-DEFAULT-HOSTNAME="campaignmanager-api-2413.scm.azurewebsites.net" X-Forwarded-Proto="https" X-AppService-Proto="https" X-Forwarded-TlsVersion="1.3" X-WAWS-Unencoded-URL="/api/zipdeploy?isAsync=true" X-Client-IP="8.26.71.170" X-Client-Port="39438" >
  <step title="Cleanup Xml Logs" date="2026-02-16T01:01:32.230" /><!-- duration: 218ms -->
  <step title="ZipPushDeploy" date="2026-02-16T01:01:40.911" >
    <step title="ZipDeploy. Extract zip." date="2026-02-16T01:01:41.042" /><!-- duration: 55ms -->
    <step title="None repository commit" date="2026-02-16T01:01:41.198" >
      <step title="Commit id: 39aae231-fb43-4cbb-8572-61318bbca114" date="2026-02-16T01:01:41.218" Message="N/A" AuthorName="N/A" AuthorEmail="N/A" /><!-- duration: 51ms -->
    </step><!-- duration: 92ms -->
    <step title="Starting PushDeployAsync" date="2026-02-16T01:01:41.307" /><!-- duration: 49ms -->
    <step title="Writing artifact to /tmp/zipdeploy/bc79e79c-0e6f-4fe0-b6fc-f63d16c47db5.zip" date="2026-02-16T01:01:41.598" >
      <step title="Writing multipart request body to /tmp/zipdeploy/bc79e79c-0e6f-4fe0-b6fc-f63d16c47db5.zip" date="2026-02-16T01:01:41.716" /><!-- duration: 32ms -->
    </step><!-- duration: 2270ms -->
    <step title="Start deployment in the background" date="2026-02-16T01:01:44.070" >
      <step title="Acquiring Deployment Lock" date="2026-02-16T01:01:44.668" /><!-- duration: 78ms -->
      <step title="Acquired Deployment Lock" date="2026-02-16T01:01:45.063" /><!-- duration: 88ms -->
    </step><!-- duration: 1735ms -->
  </step><!-- duration: 4992ms -->
  <step title="Outgoing response" date="2026-02-16T01:01:46.397" type="response" statusCode="202" statusText="Accepted" /><!-- duration: 101ms -->
</step><!-- duration: 14376ms -->
