<step title="Incoming Request" date="2026-02-16T00:09:05.814" instance="582035" url="/api/zipdeploy?isAsync=true" method="POST" type="request" pid="833,1,5" Accept="*/*" Host="campaignmanager-api-2413.scm.azurewebsites.net" User-Agent="AZURECLI/2.53.0 (MSI)" Accept-Encoding="gzip, deflate" Authorization="Bas..." Cache-Control="no-cache" Content-Type="application/octet-stream" Content-Length="2640127" x-ms-client-request-id="9176a452-0acb-11f1-9cf2-bcf171acf0a2" X-ARR-LOG-ID="9176a452-0acb-11f1-9cf2-bcf171acf0a2" CLIENT-IP="8.26.71.170:39526" X-SITE-DEPLOYMENT-ID="campaignmanager-api-2413" WAS-DEFAULT-HOSTNAME="campaignmanager-api-2413.scm.azurewebsites.net" X-Forwarded-Proto="https" X-AppService-Proto="https" X-Forwarded-TlsVersion="1.3" X-WAWS-Unencoded-URL="/api/zipdeploy?isAsync=true" X-Client-IP="8.26.71.170" X-Client-Port="39526" >
  <step title="ZipPushDeploy" date="2026-02-16T00:09:07.839" >
    <step title="ZipDeploy. Extract zip." date="2026-02-16T00:09:07.888" /><!-- duration: 31ms -->
    <step title="None repository commit" date="2026-02-16T00:09:07.969" >
      <step title="Commit id: c0cb2e23-2acf-4d34-8a5d-c44fe21c1624" date="2026-02-16T00:09:07.992" Message="N/A" AuthorName="N/A" AuthorEmail="N/A" /><!-- duration: 16ms -->
    </step><!-- duration: 52ms -->
    <step title="Starting PushDeployAsync" date="2026-02-16T00:09:08.041" /><!-- duration: 22ms -->
    <step title="Writing artifact to /tmp/zipdeploy/cc4fc321-6c0d-4b74-8294-62ff0c947542.zip" date="2026-02-16T00:09:08.195" >
      <step title="Writing multipart request body to /tmp/zipdeploy/cc4fc321-6c0d-4b74-8294-62ff0c947542.zip" date="2026-02-16T00:09:08.227" /><!-- duration: 21ms -->
    </step><!-- duration: 542ms -->
    <step title="Start deployment in the background" date="2026-02-16T00:09:08.876" >
      <step title="Acquiring Deployment Lock" date="2026-02-16T00:09:09.083" /><!-- duration: 12ms -->
      <step title="Acquired Deployment Lock" date="2026-02-16T00:09:09.339" /><!-- duration: 7ms -->
    </step><!-- duration: 625ms -->
  </step><!-- duration: 1677ms -->
  <step title="Outgoing response" date="2026-02-16T00:09:09.537" type="response" statusCode="202" statusText="Accepted" /><!-- duration: 7ms -->
</step><!-- duration: 3736ms -->
