﻿<?xml version="1.0" encoding="utf-8"?>
<deployment>
  <id>39aae231-fb43-4cbb-8572-61318bbca114</id>
  <author>N/A</author>
  <deployer>Push-Deployer</deployer>
  <authorEmail>N/A</authorEmail>
  <message>Created via a push deployment</message>
  <progress>Running deployment command...</progress>
  <status>Building</status>
  <statusText>Building and Deploying '39aae231-fb43-4cbb-8572-61318bbca114'.</statusText>
  <lastSuccessEndTime />
  <receivedTime>2026-02-16T01:01:53.3216563Z</receivedTime>
  <startTime>2026-02-16T01:01:58.4688102Z</startTime>
  <endTime />
  <complete>False</complete>
  <is_temp>False</is_temp>
  <is_readonly>True</is_readonly>
  <containerId>6dfd0cec6d22</containerId>
  <buildSummary />
</deployment>